Workbook

Sheet Attendance data
A1: Subject | B1: Classes/week | C1: Weeks | D1: Total Classes | E1: Classes attendance | F1: Classes missed | G1: Attendance% | H1: Status
A2: Maths | B2: 6 | C2: 4 | D2: =B2*C2 -> 24 | E2: 19 | F2: =D2-E2 -> 5 | G2: =E2/D2 -> 0.79166667 | H2: =IF(G2>=75%,"Safe","Low") -> Safe
A3: Physics | B3: 3 | C3: 4 | D3: =B3*C3 -> 12 | E3: 3 | F3: =D3-E3 -> 9 | G3: =E3/D3 -> 0.25 | H3: =IF(G3>=75%,"Safe","Low") -> Low
A4: Aec | B4: 4 | C4: 4 | D4: =B4*C4 -> 16 | E4: 11 | F4: =D4-E4 -> 5 | G4: =E4/D4 -> 0.6875 | H4: =IF(G4>=75%,"Safe","Low") -> Low
A5: Computer | B5: 3 | C5: 4 | D5: =B5*C5 -> 12 | E5: 8 | F5: =D5-E5 -> 4 | G5: =E5/D5 -> 0.66666667 | H5: =IF(G5>=75%,"Safe","Low") -> Low
A6: SEC | B6: 3 | C6: 4 | D6: =B6*C6 -> 12 | E6: 8 | F6: =D6-E6 -> 4 | G6: =E6/D6 -> 0.66666667 | H6: =IF(G6>=75%,"Safe","Low") -> Low
A7: VAC | B7: 2 | C7: 4 | D7: =B7*C7 -> 8 | E7: 0 | F7: =D7-E7 -> 8 | G7: =E7/D7 -> 0 | H7: =IF(G7>=75%,"Safe","Low") -> Low
A8: MDC | B8: 3 | C8: 4 | D8: =B8*C8 -> 12 | E8: 2 | F8: =D8-E8 -> 10 | G8: =E8/D8 -> 0.16666667 | H8: =IF(G8>=75%,"Safe","Low") -> Low
A9: HCP | B9: 2 | C9: 4 | D9: =B9*C9 -> 8 | E9: 3 | F9: =D9-E9 -> 5 | G9: =E9/D9 -> 0.375 | H9: =IF(G9>=75%,"Safe","Low") -> Low

Sheet Dashboard
I1: COLLEGE ATTENDANCE DASHBOARD
A3: Total attendance | C3: Classes Attandance | E3: Overall Attendance | G3: Subject belpw 75%
A4: =SUM('Attendance data'!D2:D9) -> 104 | C4: =SUM('Attendance data'!E2:E9) -> 54 | E4: =C4/A4 -> 0.51923077 | G4: =COUNTIF('Attendance data'!H2:H9,"Low") -> 7
A7: Subject | C7: Attendance%
A8: Maths | C8: ='Attendance data'!G2 -> 0.79166667
A9: Physics | C9: ='Attendance data'!G3 -> 0.25
A10: Aec | C10: ='Attendance data'!G4 -> 0.6875
A11: Computer | C11: ='Attendance data'!G5 -> 0.66666667
A12: SEC | C12: ='Attendance data'!G6 -> 0.66666667
A13: VAC | C13: ='Attendance data'!G7 -> 0
A14: MDC | C14: ='Attendance data'!G8 -> 0.16666667
A15: HCP | C15: ='Attendance data'!G9 -> 0.375
A18: Project Note
A19: This dashboard demonstrates Excel-based attendance tracking, automated calculations, conditional status identification, and data visualization.
